{"cameraMode":{"drawMode":0,"name":"Shaded","section":"Shading Mode"},"sceneLighting":false,"audioPlay":false,"sceneViewState":{"showFog":true,"showMaterialUpdate":false,"showSkybox":true,"showFlares":true,"showImageEffects":true,"showParticleSystems":true},"in2DMode":false,"pivot":{"x":0.34139251708984377,"y":0.4472508728504181,"z":-0.04528045654296875},"rotation":{"x":-0.14453989267349244,"y":-0.8208265900611877,"z":0.23786646127700807,"w":-0.49876999855041506},"size":50.47500228881836,"orthographic":false}