{"cameraMode":{"drawMode":0,"name":"Shaded","section":"Shading Mode"},"sceneLighting":false,"audioPlay":false,"sceneViewState":{"showFog":true,"showMaterialUpdate":false,"showSkybox":true,"showFlares":true,"showImageEffects":true,"showParticleSystems":true},"in2DMode":false,"pivot":{"x":-0.43383121490478518,"y":0.1492394208908081,"z":-0.9115524291992188},"rotation":{"x":-0.14453989267349244,"y":-0.8208265900611877,"z":0.23786646127700807,"w":-0.49876999855041506},"size":52.13978958129883,"orthographic":false}