{"cameraMode":{"drawMode":0,"name":"Shaded","section":"Shading Mode"},"sceneLighting":false,"audioPlay":false,"sceneViewState":{"showFog":true,"showMaterialUpdate":false,"showSkybox":true,"showFlares":true,"showImageEffects":true,"showParticleSystems":true},"in2DMode":false,"pivot":{"x":-0.4604682922363281,"y":-1.7768669128417969,"z":0.19562149047851563},"rotation":{"x":0.0811055600643158,"y":0.9135881662368774,"z":-0.3284602165222168,"w":0.22559361159801484},"size":69.89185333251953,"orthographic":false}