{"cameraMode":{"drawMode":0,"name":"Shaded","section":"Shading Mode"},"sceneLighting":false,"audioPlay":false,"sceneViewState":{"showFog":true,"showMaterialUpdate":false,"showSkybox":true,"showFlares":true,"showImageEffects":true,"showParticleSystems":true},"in2DMode":false,"pivot":{"x":0.4999427795410156,"y":17.78557014465332,"z":0.5874176025390625},"rotation":{"x":0.06859474629163742,"y":0.931364119052887,"z":-0.25648540258407595,"w":0.2491404414176941},"size":214.76339721679688,"orthographic":false}