{"cameraMode":{"drawMode":0,"name":"Shaded","section":"Shading Mode"},"sceneLighting":false,"audioPlay":false,"sceneViewState":{"showFog":true,"showMaterialUpdate":false,"showSkybox":true,"showFlares":true,"showImageEffects":true,"showParticleSystems":true},"in2DMode":false,"pivot":{"x":12.495477676391602,"y":1.3409699201583863,"z":8.58713150024414},"rotation":{"x":-0.03406957536935806,"y":-0.9644463658332825,"z":0.2103995978832245,"w":-0.15625162422657014},"size":5.103461265563965,"orthographic":false}