{"cameraMode":{"drawMode":0,"name":"Shaded","section":"Shading Mode"},"sceneLighting":false,"audioPlay":false,"sceneViewState":{"showFog":true,"showMaterialUpdate":false,"showSkybox":true,"showFlares":true,"showImageEffects":true,"showParticleSystems":true},"in2DMode":false,"pivot":{"x":-0.16704559326171876,"y":1.184464931488037,"z":1.9672937393188477},"rotation":{"x":-0.09311901777982712,"y":-0.9040032029151917,"z":0.25476422905921938,"w":-0.3304576873779297},"size":106.40470886230469,"orthographic":false}