{"cameraMode":{"drawMode":0,"name":"Shaded","section":"Shading Mode"},"sceneLighting":false,"audioPlay":false,"sceneViewState":{"showFog":true,"showMaterialUpdate":false,"showSkybox":true,"showFlares":true,"showImageEffects":true,"showParticleSystems":true},"in2DMode":false,"pivot":{"x":11.473968505859375,"y":-7.855532646179199,"z":7.255866050720215},"rotation":{"x":-0.3428736627101898,"y":-0.5180580615997315,"z":0.2379065603017807,"w":-0.7466284036636353},"size":11.385283470153809,"orthographic":false}