{"cameraMode":{"drawMode":0,"name":"Shaded","section":"Shading Mode"},"sceneLighting":false,"audioPlay":false,"sceneViewState":{"showFog":true,"showMaterialUpdate":false,"showSkybox":true,"showFlares":true,"showImageEffects":true,"showParticleSystems":true},"in2DMode":false,"pivot":{"x":49.99986267089844,"y":-2.787304162979126,"z":49.9990119934082},"rotation":{"x":-0.18145249783992768,"y":-0.7560670971870422,"z":0.23525866866111756,"w":-0.5831732153892517},"size":233.5979766845703,"orthographic":false}