{"cameraMode":{"drawMode":0,"name":"Shaded","section":"Shading Mode"},"sceneLighting":false,"audioPlay":false,"sceneViewState":{"showFog":true,"showMaterialUpdate":false,"showSkybox":true,"showFlares":true,"showImageEffects":true,"showParticleSystems":true},"in2DMode":false,"pivot":{"x":13.329319953918457,"y":1.375427484512329,"z":9.339685440063477},"rotation":{"x":-0.0029808501712977888,"y":0.9966861009597778,"z":-0.06893406063318253,"w":-0.04308197274804115},"size":12.822779655456543,"orthographic":false}