{"cameraMode":{"drawMode":0,"name":"Shaded","section":"Shading Mode"},"sceneLighting":false,"audioPlay":false,"sceneViewState":{"showFog":true,"showMaterialUpdate":false,"showSkybox":true,"showFlares":true,"showImageEffects":true,"showParticleSystems":true},"in2DMode":false,"pivot":{"x":-2.5821609497070314,"y":-1.6290532350540162,"z":1.1122627258300782},"rotation":{"x":0.004406079649925232,"y":0.9590858221054077,"z":-0.2826862037181854,"w":0.014950278215110302},"size":114.70420837402344,"orthographic":false}