{"cameraMode":{"drawMode":0,"name":"Shaded","section":"Shading Mode"},"sceneLighting":false,"audioPlay":false,"sceneViewState":{"showFog":true,"showMaterialUpdate":false,"showSkybox":true,"showFlares":true,"showImageEffects":true,"showParticleSystems":true},"in2DMode":false,"pivot":{"x":8.180787086486817,"y":45.35869598388672,"z":40.76878356933594},"rotation":{"x":0.012128917500376702,"y":-0.9495741128921509,"z":0.31111493706703188,"w":0.03700454905629158},"size":22.0,"orthographic":false}