{"cameraMode":{"drawMode":0,"name":"Shaded","section":"Shading Mode"},"sceneLighting":false,"audioPlay":false,"sceneViewState":{"showFog":true,"showMaterialUpdate":false,"showSkybox":true,"showFlares":true,"showImageEffects":true,"showParticleSystems":true},"in2DMode":false,"pivot":{"x":0.03242301940917969,"y":0.360443115234375,"z":-0.15575408935546876},"rotation":{"x":-0.14453989267349244,"y":-0.8208265900611877,"z":0.23786646127700807,"w":-0.49876999855041506},"size":49.03559494018555,"orthographic":false}