{"cameraMode":{"drawMode":0,"name":"Shaded","section":"Shading Mode"},"sceneLighting":false,"audioPlay":false,"sceneViewState":{"showFog":true,"showMaterialUpdate":false,"showSkybox":true,"showFlares":true,"showImageEffects":true,"showParticleSystems":true},"in2DMode":false,"pivot":{"x":0.5556640625,"y":25.868873596191408,"z":0.8765201568603516},"rotation":{"x":-0.03809794411063194,"y":0.9322938323020935,"z":-0.3446064591407776,"w":-0.10306932777166367},"size":244.3117218017578,"orthographic":false}