{"cameraMode":{"drawMode":0,"name":"Shaded","section":"Shading Mode"},"sceneLighting":false,"audioPlay":false,"sceneViewState":{"showFog":true,"showMaterialUpdate":false,"showSkybox":true,"showFlares":true,"showImageEffects":true,"showParticleSystems":true},"in2DMode":false,"pivot":{"x":49.99995040893555,"y":-2.969785690307617,"z":49.999629974365237},"rotation":{"x":-0.18145249783992768,"y":-0.7560670971870422,"z":0.23525866866111756,"w":-0.5831732153892517},"size":233.56936645507813,"orthographic":false}