{"cameraMode":{"drawMode":0,"name":"Shaded","section":"Shading Mode"},"sceneLighting":false,"audioPlay":false,"sceneViewState":{"showFog":true,"showMaterialUpdate":false,"showSkybox":true,"showFlares":true,"showImageEffects":true,"showParticleSystems":true},"in2DMode":false,"pivot":{"x":0.5285704135894775,"y":0.6965962648391724,"z":0.1679602861404419},"rotation":{"x":0.16796819865703584,"y":-0.8318468332290649,"z":0.38352200388908389,"w":0.36431917548179629},"size":5.64133882522583,"orthographic":false}