{"cameraMode":{"drawMode":0,"name":"Shaded","section":"Shading Mode"},"sceneLighting":false,"audioPlay":false,"sceneViewState":{"showFog":true,"showMaterialUpdate":false,"showSkybox":true,"showFlares":true,"showImageEffects":true,"showParticleSystems":true},"in2DMode":false,"pivot":{"x":4.346174716949463,"y":3.510103940963745,"z":0.8266091346740723},"rotation":{"x":-0.11412636190652847,"y":0.8629564046859741,"z":-0.2249511033296585,"w":-0.4378109872341156},"size":5.369787693023682,"orthographic":false}