{"cameraMode":{"drawMode":0,"name":"Shaded","section":"Shading Mode"},"sceneLighting":false,"audioPlay":false,"sceneViewState":{"showFog":true,"showMaterialUpdate":false,"showSkybox":true,"showFlares":true,"showImageEffects":true,"showParticleSystems":true},"in2DMode":false,"pivot":{"x":5.152271270751953,"y":0.009827494621276856,"z":4.724545478820801},"rotation":{"x":-0.13686659932136537,"y":0.8041086792945862,"z":-0.20318372547626496,"w":-0.5416578054428101},"size":3.7646496295928957,"orthographic":false}