{"cameraMode":{"drawMode":0,"name":"Shaded","section":"Shading Mode"},"sceneLighting":false,"audioPlay":false,"sceneViewState":{"showFog":true,"showMaterialUpdate":false,"showSkybox":true,"showFlares":true,"showImageEffects":true,"showParticleSystems":true},"in2DMode":false,"pivot":{"x":22.225208282470704,"y":10.187493324279786,"z":53.06539535522461},"rotation":{"x":-0.0112207205966115,"y":0.988673210144043,"z":-0.0982527807354927,"w":-0.11289730668067932},"size":4.577057838439941,"orthographic":false}