{"cameraMode":{"drawMode":0,"name":"Shaded","section":"Shading Mode"},"sceneLighting":false,"audioPlay":false,"sceneViewState":{"showFog":true,"showMaterialUpdate":false,"showSkybox":true,"showFlares":true,"showImageEffects":true,"showParticleSystems":true},"in2DMode":false,"pivot":{"x":-1.494460105895996,"y":-1.8389190435409547,"z":-0.2764425277709961},"rotation":{"x":0.07448149472475052,"y":0.9232096076011658,"z":-0.23046593368053437,"w":0.2983657419681549},"size":75.08519744873047,"orthographic":false}