{"cameraMode":{"drawMode":0,"name":"Shaded","section":"Shading Mode"},"sceneLighting":false,"audioPlay":false,"sceneViewState":{"showFog":true,"showMaterialUpdate":false,"showSkybox":true,"showFlares":true,"showImageEffects":true,"showParticleSystems":true},"in2DMode":false,"pivot":{"x":25.00065040588379,"y":0.018816806375980378,"z":24.999710083007814},"rotation":{"x":-0.16248713433742524,"y":-0.8185842633247376,"z":0.2805347740650177,"w":-0.47414979338645937},"size":116.67945861816406,"orthographic":false}