{"cameraMode":{"drawMode":0,"name":"Shaded","section":"Shading Mode"},"sceneLighting":false,"audioPlay":false,"sceneViewState":{"showFog":true,"showMaterialUpdate":false,"showSkybox":true,"showFlares":true,"showImageEffects":true,"showParticleSystems":true},"in2DMode":false,"pivot":{"x":-0.6768436431884766,"y":0.20188698172569276,"z":-0.138916015625},"rotation":{"x":-0.14453989267349244,"y":-0.8208265900611877,"z":0.23786646127700807,"w":-0.49876999855041506},"size":42.897789001464847,"orthographic":false}