{"cameraMode":{"drawMode":0,"name":"Shaded","section":"Shading Mode"},"sceneLighting":false,"audioPlay":false,"sceneViewState":{"showFog":true,"showMaterialUpdate":false,"showSkybox":true,"showFlares":true,"showImageEffects":true,"showParticleSystems":true},"in2DMode":false,"pivot":{"x":49.999839782714847,"y":2.7876522541046144,"z":49.999732971191409},"rotation":{"x":0.18990224599838258,"y":0.15480118989944459,"z":-0.030335459858179094,"w":0.9690477252006531},"size":233.58250427246095,"orthographic":false}