{"cameraMode":{"drawMode":0,"name":"Shaded","section":"Shading Mode"},"sceneLighting":false,"audioPlay":false,"sceneViewState":{"showFog":true,"showMaterialUpdate":false,"showSkybox":true,"showFlares":true,"showImageEffects":true,"showParticleSystems":true},"in2DMode":false,"pivot":{"x":-23.75151252746582,"y":10.04561710357666,"z":-2.323728322982788},"rotation":{"x":-0.15247924625873567,"y":-0.6505721211433411,"z":0.13560687005519868,"w":-0.7315167784690857},"size":1.4043837785720826,"orthographic":true}