{"cameraMode":{"drawMode":0,"name":"Shaded","section":"Shading Mode"},"sceneLighting":false,"audioPlay":false,"sceneViewState":{"showFog":true,"showMaterialUpdate":false,"showSkybox":true,"showFlares":true,"showImageEffects":true,"showParticleSystems":true},"in2DMode":false,"pivot":{"x":-5.223515510559082,"y":3.765106201171875,"z":0.3175162076950073},"rotation":{"x":-0.22324590384960175,"y":-0.5339085459709168,"z":0.14863994717597962,"w":-0.8018784523010254},"size":11.547019004821778,"orthographic":false}