{"cameraMode":{"drawMode":0,"name":"Shaded","section":"Shading Mode"},"sceneLighting":false,"audioPlay":false,"sceneViewState":{"showFog":true,"showMaterialUpdate":false,"showSkybox":true,"showFlares":true,"showImageEffects":true,"showParticleSystems":true},"in2DMode":false,"pivot":{"x":0.3416404724121094,"y":12.704505920410157,"z":0.2673530578613281},"rotation":{"x":-0.02868000790476799,"y":0.9445521831512451,"z":-0.31564706563949587,"w":-0.08582314848899842},"size":213.523681640625,"orthographic":false}