{"cameraMode":{"drawMode":0,"name":"Shaded","section":"Shading Mode"},"sceneLighting":false,"audioPlay":false,"sceneViewState":{"showFog":true,"showMaterialUpdate":false,"showSkybox":true,"showFlares":true,"showImageEffects":true,"showParticleSystems":true},"in2DMode":false,"pivot":{"x":-0.000030517578125,"y":16.111574172973634,"z":0.0},"rotation":{"x":0.21935465931892396,"y":0.6402134895324707,"z":-0.1980515718460083,"w":0.7090739607810974},"size":1169.1876220703125,"orthographic":false}