{"cameraMode":{"drawMode":0,"name":"Shaded","section":"Shading Mode"},"sceneLighting":false,"audioPlay":false,"sceneViewState":{"showFog":true,"showMaterialUpdate":false,"showSkybox":true,"showFlares":true,"showImageEffects":true,"showParticleSystems":true},"in2DMode":false,"pivot":{"x":-1.2136249542236329,"y":2.0021872520446779,"z":0.15062522888183595},"rotation":{"x":-0.14453989267349244,"y":-0.8208265900611877,"z":0.23786646127700807,"w":-0.49876999855041506},"size":52.8712272644043,"orthographic":false}