{"cameraMode":{"drawMode":0,"name":"Shaded","section":"Shading Mode"},"sceneLighting":false,"audioPlay":false,"sceneViewState":{"showFog":true,"showMaterialUpdate":false,"showSkybox":true,"showFlares":true,"showImageEffects":true,"showParticleSystems":true},"in2DMode":false,"pivot":{"x":0.1602369248867035,"y":-0.006664156913757324,"z":0.1736922264099121},"rotation":{"x":0.26260143518447878,"y":0.4804399609565735,"z":-0.15336889028549195,"w":0.8226153254508972},"size":1.2183494567871094,"orthographic":false}