{"cameraMode":{"drawMode":0,"name":"Shaded","section":"Shading Mode"},"sceneLighting":false,"audioPlay":false,"sceneViewState":{"showFog":true,"showMaterialUpdate":false,"showSkybox":true,"showFlares":true,"showImageEffects":true,"showParticleSystems":true},"in2DMode":false,"pivot":{"x":-2.3999345302581789,"y":0.24680890142917634,"z":4.649977207183838},"rotation":{"x":0.0664619654417038,"y":-0.9334266781806946,"z":0.24183528125286103,"w":0.256540983915329},"size":8.629288673400879,"orthographic":false}