{"cameraMode":{"drawMode":0,"name":"Shaded","section":"Shading Mode"},"sceneLighting":false,"audioPlay":false,"sceneViewState":{"showFog":true,"showMaterialUpdate":false,"showSkybox":true,"showFlares":true,"showImageEffects":true,"showParticleSystems":true},"in2DMode":false,"pivot":{"x":32.08534622192383,"y":0.8410000205039978,"z":31.191299438476564},"rotation":{"x":-0.154280424118042,"y":0.11678578704595566,"z":-0.018368491902947427,"w":-0.9809287786483765},"size":1.5294348001480103,"orthographic":false}