{"cameraMode":{"drawMode":0,"name":"Shaded","section":"Shading Mode"},"sceneLighting":false,"audioPlay":false,"sceneViewState":{"showFog":true,"showMaterialUpdate":false,"showSkybox":true,"showFlares":true,"showImageEffects":true,"showParticleSystems":true},"in2DMode":false,"pivot":{"x":-1.1529974937438965,"y":-0.8920722603797913,"z":1.452209711074829},"rotation":{"x":-0.16568203270435334,"y":0.6370099186897278,"z":-0.14278258383274079,"w":-0.7391758561134338},"size":3.2472426891326906,"orthographic":false}