{"cameraMode":{"drawMode":0,"name":"Shaded","section":"Shading Mode"},"sceneLighting":false,"audioPlay":false,"sceneViewState":{"showFog":true,"showMaterialUpdate":false,"showSkybox":true,"showFlares":true,"showImageEffects":true,"showParticleSystems":true},"in2DMode":false,"pivot":{"x":12.000557899475098,"y":1.8312296867370606,"z":9.45101547241211},"rotation":{"x":-0.0033027934841811659,"y":0.9966675639152527,"z":-0.06142584607005119,"w":-0.053571008145809177},"size":4.520859241485596,"orthographic":false}